id,normalized_mask,asset
BK001,0,Assets/Sapphire/Art/World/Modular64/Tiles/RiverBanks/BK001.asset
BK002,1,Assets/Sapphire/Art/World/Modular64/Tiles/RiverBanks/BK002.asset
BK003,4,Assets/Sapphire/Art/World/Modular64/Tiles/RiverBanks/BK003.asset
BK004,5,Assets/Sapphire/Art/World/Modular64/Tiles/RiverBanks/BK004.asset
BK005,7,Assets/Sapphire/Art/World/Modular64/Tiles/RiverBanks/BK005.asset
BK006,16,Assets/Sapphire/Art/World/Modular64/Tiles/RiverBanks/BK006.asset
BK007,17,Assets/Sapphire/Art/World/Modular64/Tiles/RiverBanks/BK007.asset
BK008,20,Assets/Sapphire/Art/World/Modular64/Tiles/RiverBanks/BK008.asset
BK009,21,Assets/Sapphire/Art/World/Modular64/Tiles/RiverBanks/BK009.asset
BK010,23,Assets/Sapphire/Art/World/Modular64/Tiles/RiverBanks/BK010.asset
BK011,28,Assets/Sapphire/Art/World/Modular64/Tiles/RiverBanks/BK011.asset
BK012,29,Assets/Sapphire/Art/World/Modular64/Tiles/RiverBanks/BK012.asset
BK013,31,Assets/Sapphire/Art/World/Modular64/Tiles/RiverBanks/BK013.asset
BK014,64,Assets/Sapphire/Art/World/Modular64/Tiles/RiverBanks/BK014.asset
BK015,65,Assets/Sapphire/Art/World/Modular64/Tiles/RiverBanks/BK015.asset
BK016,68,Assets/Sapphire/Art/World/Modular64/Tiles/RiverBanks/BK016.asset
BK017,69,Assets/Sapphire/Art/World/Modular64/Tiles/RiverBanks/BK017.asset
BK018,71,Assets/Sapphire/Art/World/Modular64/Tiles/RiverBanks/BK018.asset
BK019,80,Assets/Sapphire/Art/World/Modular64/Tiles/RiverBanks/BK019.asset
BK020,81,Assets/Sapphire/Art/World/Modular64/Tiles/RiverBanks/BK020.asset
BK021,84,Assets/Sapphire/Art/World/Modular64/Tiles/RiverBanks/BK021.asset
BK022,85,Assets/Sapphire/Art/World/Modular64/Tiles/RiverBanks/BK022.asset
BK023,87,Assets/Sapphire/Art/World/Modular64/Tiles/RiverBanks/BK023.asset
BK024,92,Assets/Sapphire/Art/World/Modular64/Tiles/RiverBanks/BK024.asset
BK025,93,Assets/Sapphire/Art/World/Modular64/Tiles/RiverBanks/BK025.asset
BK026,95,Assets/Sapphire/Art/World/Modular64/Tiles/RiverBanks/BK026.asset
BK027,112,Assets/Sapphire/Art/World/Modular64/Tiles/RiverBanks/BK027.asset
BK028,113,Assets/Sapphire/Art/World/Modular64/Tiles/RiverBanks/BK028.asset
BK029,116,Assets/Sapphire/Art/World/Modular64/Tiles/RiverBanks/BK029.asset
BK030,117,Assets/Sapphire/Art/World/Modular64/Tiles/RiverBanks/BK030.asset
BK031,119,Assets/Sapphire/Art/World/Modular64/Tiles/RiverBanks/BK031.asset
BK032,124,Assets/Sapphire/Art/World/Modular64/Tiles/RiverBanks/BK032.asset
BK033,125,Assets/Sapphire/Art/World/Modular64/Tiles/RiverBanks/BK033.asset
BK034,127,Assets/Sapphire/Art/World/Modular64/Tiles/RiverBanks/BK034.asset
BK035,193,Assets/Sapphire/Art/World/Modular64/Tiles/RiverBanks/BK035.asset
BK036,197,Assets/Sapphire/Art/World/Modular64/Tiles/RiverBanks/BK036.asset
BK037,199,Assets/Sapphire/Art/World/Modular64/Tiles/RiverBanks/BK037.asset
BK038,209,Assets/Sapphire/Art/World/Modular64/Tiles/RiverBanks/BK038.asset
BK039,213,Assets/Sapphire/Art/World/Modular64/Tiles/RiverBanks/BK039.asset
BK040,215,Assets/Sapphire/Art/World/Modular64/Tiles/RiverBanks/BK040.asset
BK041,221,Assets/Sapphire/Art/World/Modular64/Tiles/RiverBanks/BK041.asset
BK042,223,Assets/Sapphire/Art/World/Modular64/Tiles/RiverBanks/BK042.asset
BK043,241,Assets/Sapphire/Art/World/Modular64/Tiles/RiverBanks/BK043.asset
BK044,245,Assets/Sapphire/Art/World/Modular64/Tiles/RiverBanks/BK044.asset
BK045,247,Assets/Sapphire/Art/World/Modular64/Tiles/RiverBanks/BK045.asset
BK046,253,Assets/Sapphire/Art/World/Modular64/Tiles/RiverBanks/BK046.asset
BK047,255,Assets/Sapphire/Art/World/Modular64/Tiles/RiverBanks/BK047.asset
